-- MySQL Administrator dump 1.4
--
-- ------------------------------------------------------
-- Server version	5.1.41-community


/*!40101 SET @OLD_CHARACTER_SET_CLIENT=@@CHARACTER_SET_CLIENT */;
/*!40101 SET @OLD_CHARACTER_SET_RESULTS=@@CHARACTER_SET_RESULTS */;
/*!40101 SET @OLD_COLLATION_CONNECTION=@@COLLATION_CONNECTION */;
/*!40101 SET NAMES utf8 */;

/*!40014 SET @OLD_UNIQUE_CHECKS=@@UNIQUE_CHECKS, UNIQUE_CHECKS=0 */;
/*!40014 SET @OLD_FOREIGN_KEY_CHECKS=@@FOREIGN_KEY_CHECKS, FOREIGN_KEY_CHECKS=0 */;
/*!40101 SET @OLD_SQL_MODE=@@SQL_MODE, SQL_MODE='NO_AUTO_VALUE_ON_ZERO' */;


--
-- Create schema sistema_facturacion
--

CREATE DATABASE IF NOT EXISTS sistema_facturacion;
USE sistema_facturacion;

--
-- Definition of table `bancos`
--

DROP TABLE IF EXISTS `bancos`;
CREATE TABLE `bancos` (
  `ID` int(10) unsigned NOT NULL AUTO_INCREMENT,
  `NOMBRE` varchar(50) NOT NULL,
  PRIMARY KEY (`ID`)
) ENGINE=InnoDB AUTO_INCREMENT=42 DEFAULT CHARSET=latin1;

--
-- Dumping data for table `bancos`
--

/*!40000 ALTER TABLE `bancos` DISABLE KEYS */;
INSERT INTO `bancos` (`ID`,`NOMBRE`) VALUES 
 (1,'ABN AMRO'),
 (2,'AMERICAN EXPRESS BANK'),
 (3,'BACS'),
 (4,'BANCO B.I. CREDITANSTALT'),
 (5,'BANCO BRADESCO'),
 (6,'BANCO CETELEM'),
 (7,'BANCO CMF'),
 (8,'BANCO COFIDIS'),
 (9,'BANCO COLUMBIA'),
 (10,'BANCO COMAFI'),
 (11,'BANCO CREDICOOP'),
 (12,'BANCO DE SERVICIOS Y TRANSACCIONES'),
 (13,'BANCO DE VALORES'),
 (14,'BANCO DEL SOL'),
 (15,'BANCO FINANSUR'),
 (16,'BANCO GALICIA'),
 (17,'BANCO INDUSTRIAL'),
 (18,'BANCO ITAÚ'),
 (19,'BANCO JULIO'),
 (20,'BANCO MACRO'),
 (21,'BANCO MARIVA'),
 (22,'BANCO MASVENTAS'),
 (23,'BANCO MERIDIAN'),
 (24,'BANCO PATAGONIA'),
 (25,'BANCO PIANO'),
 (26,'BANCO PRIVADO'),
 (27,'BANCO ROELA'),
 (28,'BANCO SAENZ'),
 (29,'BANCO SANTANDER RÍO'),
 (30,'BANCO SUPERVIELLE'),
 (31,'BANK OF AMERICA'),
 (32,'BANK OF TOKYO-MITSUBISHI UFJ'),
 (33,'BBVA BANCO FRANCÉS'),
 (34,'BNP PARIBAS'),
 (35,'CITIBANK'),
 (36,'DEUTSCHE BANK'),
 (37,'HSBC BANK'),
 (38,'JPMORGAN'),
 (39,'MBA LAZARD BANCO DE INVERSIONES'),
 (40,'RCI BANQU'),
 (41,'STANDARD BANK');
/*!40000 ALTER TABLE `bancos` ENABLE KEYS */;


--
-- Definition of table `cheques`
--

DROP TABLE IF EXISTS `cheques`;
CREATE TABLE `cheques` (
  `ID` int(10) unsigned NOT NULL AUTO_INCREMENT,
  `NUMERO` varchar(30) NOT NULL,
  `FECHA_EMISION` date NOT NULL,
  `ID_BANCO` int(10) unsigned NOT NULL,
  `IMPORTE` decimal(12,2) NOT NULL,
  `A_NOMBRE_DE` varchar(50) NOT NULL,
  `FECHA_PAGO` date NOT NULL,
  `ID_CLIENTE` int(10) unsigned DEFAULT NULL,
  PRIMARY KEY (`ID`),
  KEY `FK_cheques_1` (`ID_BANCO`),
  KEY `FK_cheques_2` (`ID_CLIENTE`),
  CONSTRAINT `FK_cheques_1` FOREIGN KEY (`ID_BANCO`) REFERENCES `bancos` (`ID`),
  CONSTRAINT `FK_cheques_2` FOREIGN KEY (`ID_CLIENTE`) REFERENCES `clientes` (`ID`)
) ENGINE=InnoDB AUTO_INCREMENT=11 DEFAULT CHARSET=latin1;

--
-- Dumping data for table `cheques`
--

/*!40000 ALTER TABLE `cheques` DISABLE KEYS */;
INSERT INTO `cheques` (`ID`,`NUMERO`,`FECHA_EMISION`,`ID_BANCO`,`IMPORTE`,`A_NOMBRE_DE`,`FECHA_PAGO`,`ID_CLIENTE`) VALUES 
 (3,'SSS-222','2015-08-04',1,'641.00','SDSASD','2015-10-03',1),
 (4,'123','2015-08-04',19,'10.00','JUAN MANUEL VAZQUEZ','2015-08-04',NULL),
 (5,'123','2015-08-04',19,'10.00','JUAN MANUEL VAZQUEZ','2015-08-04',NULL),
 (6,'123','2015-08-04',19,'10.00','JUAN MANUEL VAZQUEZ','2015-08-04',NULL),
 (7,'123','2015-08-04',19,'10.00','JUAN MANUEL VAZQUEZ','2015-08-04',NULL),
 (8,'123','2015-08-04',19,'10.00','JUAN MANUEL VAZQUEZ','2015-08-04',NULL),
 (9,'1234567890','2015-08-04',19,'10.00','JUAN MANUEL VAZQUEZ','2015-08-04',NULL),
 (10,'SFSD-SFS','2015-08-07',1,'847.00','SDJJIJ','2015-08-30',1);
/*!40000 ALTER TABLE `cheques` ENABLE KEYS */;


--
-- Definition of table `clientes`
--

DROP TABLE IF EXISTS `clientes`;
CREATE TABLE `clientes` (
  `ID` int(10) unsigned NOT NULL AUTO_INCREMENT,
  `RAZON_SOCIAL` varchar(50) NOT NULL,
  `ACTIVO` tinyint(1) NOT NULL DEFAULT '1',
  `TELEFONO` varchar(30) DEFAULT NULL,
  `CELULAR` varchar(30) DEFAULT NULL,
  `ID_LOCALIDAD` int(10) unsigned NOT NULL,
  `DOCUMENTO` varchar(25) NOT NULL,
  `DIRECCION` varchar(200) NOT NULL,
  `COND_IVA` varchar(50) NOT NULL,
  `TIPO_DOC` varchar(45) NOT NULL,
  PRIMARY KEY (`ID`),
  KEY `FK_clientes_2` (`ID_LOCALIDAD`),
  KEY `FK_clientes_1` (`COND_IVA`) USING BTREE,
  CONSTRAINT `FK_clientes_2` FOREIGN KEY (`ID_LOCALIDAD`) REFERENCES `localidades` (`ID`)
) ENGINE=InnoDB AUTO_INCREMENT=20 DEFAULT CHARSET=latin1;

--
-- Dumping data for table `clientes`
--

/*!40000 ALTER TABLE `clientes` DISABLE KEYS */;
INSERT INTO `clientes` (`ID`,`RAZON_SOCIAL`,`ACTIVO`,`TELEFONO`,`CELULAR`,`ID_LOCALIDAD`,`DOCUMENTO`,`DIRECCION`,`COND_IVA`,`TIPO_DOC`) VALUES 
 (1,'ACINDAR IND. ARG. DE ACEROS S.A. ',1,'2474-567845','',105,'33709399','SAN MARTIN 112','CONS_FINAL','DNI'),
 (2,'AGRITECH INVERSORA S.A. ',0,'2474-548721','',1,'30-65252046-0','GOYA 388','RESP_INSC','CUIT'),
 (3,'AGROMETAL S.A.I.',1,'2474-559977','',94,'30-50308796-7','PUERTO MADERO 997','RESP_INSC','CUIT'),
 (4,'SSSSSSSSSSSSSSSSSSSSSSSAAAAAAAAAAAAAAAAAAAAAAAAAAA',1,'SSSS1111111111111111','322222222222222222222222222222',1,'30-69368208-4','SSSSSSSSSSSSSSSSSSSSDDDDDDDDDDDDDDDDDDDDDDDDDDDDDDDDAAAAAAAAAAAAAAAAAAAAAAAAAAAASSSSSSSSSSSSSSSSSSSS','RESP_INSC','CUIT'),
 (5,'VAZQUEZ HERMANOS',1,'02474-435566','02474-15-123456',105,'30-71214423-4','SAN MARTIN 245','RESP_INSC','CUIT'),
 (6,'VAZQUEZ HERMANOS',1,'02474-435566','02474-15-123456',105,'30-71214423-4','SAN MARTIN 245','RESP_INSC','CUIT'),
 (7,'VAZQUEZ Y ASOCIADOS',1,'02474-435566','02474-15-123456',105,'30-71214423-4','SAN MARTIN 245','RESP_INSC','CUIT'),
 (8,'VAZQUEZ HERMANOS',1,'02474-435566','02474-15-123456',105,'30-71214423-4','SAN MARTIN 245','RESP_INSC','CUIT'),
 (9,'VAZQUEZ HERMANOS',1,'02474-435566','02474-15-123456',105,'30-71214423-4','SAN MARTIN 245','RESP_INSC','CUIT'),
 (11,'VAZQUEZ HERMANOS',1,'02474-435566','02474-15-123456',105,'30-71214423-4','SAN MARTIN 245','RESP_INSC','CUIT'),
 (12,'VAZQUEZ HERMANOS',1,'02474-435566','02474-15-123456',105,'30-22345678-0','SAN MARTIN 245','RESP_INSC','CUIT'),
 (13,'VAZQUEZ HERMANOS',1,'02474-435566','02474-15-123456',105,'30-22345678-0','SAN MARTIN 245','RESP_INSC','CUIT'),
 (14,'VAZQUEZ Y ASOCIADOS',1,'02474-435566','02474-15-123456',105,'30-22345678-0','SAN MARTIN 245','RESP_INSC','CUIT'),
 (15,'VAZQUEZ HERMANOS',1,'02474-435566','02474-15-123456',105,'30-22345678-0','SAN MARTIN 245','RESP_INSC','CUIT'),
 (16,'VAZQUEZ HERMANOS',1,'02474-435566','02474-15-123456',105,'30-22345678-0','SAN MARTIN 245','RESP_INSC','CUIT'),
 (18,'VAZQUEZ HERMANOS',1,'02474-435566','02474-15-123456',105,'30-22345678-0','SAN MARTIN 245','RESP_INSC','CUIT'),
 (19,'JUAN MANUEL VAZQUEZ',1,'2474-566863','',105,'20-33709399-0','PUEBLOS ORIGINARIOS 419','CONS_FINAL','CUIT');
/*!40000 ALTER TABLE `clientes` ENABLE KEYS */;


--
-- Definition of table `comprobantes`
--

DROP TABLE IF EXISTS `comprobantes`;
CREATE TABLE `comprobantes` (
  `ID` int(10) unsigned NOT NULL AUTO_INCREMENT,
  `CAE` varchar(45) DEFAULT NULL,
  `FECHA_CAE` date DEFAULT NULL,
  `FECHA_VENTA` date NOT NULL,
  `ACTIVO` tinyint(1) NOT NULL DEFAULT '1',
  `ID_CLIENTE` int(10) unsigned NOT NULL,
  `SUBTOTAL` decimal(12,2) NOT NULL,
  `TOTAL` decimal(12,2) NOT NULL,
  `IVA` decimal(12,2) NOT NULL,
  `PTO_VENTA` varchar(4) DEFAULT NULL,
  `OBSERVACIONES` varchar(100) DEFAULT NULL,
  `NUMERO_COMPROBANTE` varchar(10) DEFAULT NULL,
  `ESTADO_FACTURACION` int(10) unsigned NOT NULL DEFAULT '0',
  `NUMERO_COMP_FORMATO` varchar(45) DEFAULT NULL,
  `COD_BARRAS` varchar(100) DEFAULT NULL,
  `TIPO` varchar(20) NOT NULL,
  `TIPO_LETRA` varchar(2) NOT NULL,
  `TRIBUTOS` decimal(12,2) DEFAULT NULL,
  PRIMARY KEY (`ID`) USING BTREE,
  KEY `FK_comprobantes_1` (`ID_CLIENTE`),
  CONSTRAINT `FK_comprobantes_1` FOREIGN KEY (`ID_CLIENTE`) REFERENCES `clientes` (`ID`)
) ENGINE=InnoDB AUTO_INCREMENT=16 DEFAULT CHARSET=latin1;

--
-- Dumping data for table `comprobantes`
--

/*!40000 ALTER TABLE `comprobantes` DISABLE KEYS */;
INSERT INTO `comprobantes` (`ID`,`CAE`,`FECHA_CAE`,`FECHA_VENTA`,`ACTIVO`,`ID_CLIENTE`,`SUBTOTAL`,`TOTAL`,`IVA`,`PTO_VENTA`,`OBSERVACIONES`,`NUMERO_COMPROBANTE`,`ESTADO_FACTURACION`,`NUMERO_COMP_FORMATO`,`COD_BARRAS`,`TIPO`,`TIPO_LETRA`,`TRIBUTOS`) VALUES 
 (2,NULL,NULL,'2015-08-05',1,19,'550.00','665.50','115.50',NULL,'',NULL,0,NULL,NULL,'NOTA_CREDITO','B',NULL),
 (4,'65321292754728','2015-08-16','2015-08-06',1,19,'200.00','242.00','42.00','0013','','00000001',1,'0013-00000001','2004974618106001365321292754728201508160','FACTURA','B',NULL),
 (5,'65321292754731','2015-08-16','2015-08-06',1,19,'300.00','363.00','63.00','0013','','00000002',1,'0013-00000002','2004974618106001365321292754731201508160','FACTURA','B',NULL),
 (6,'65321293028136','2015-08-18','2015-08-08',1,1,'200.00','389.00','42.00','0013','','00000053',1,'0013-00000053','2004974618101001365321293028136201508181','FACTURA','A','147.00'),
 (7,NULL,NULL,'2015-08-08',1,1,'500.00','626.00','105.00',NULL,'',NULL,0,NULL,NULL,'NOTA_CREDITO','A','21.00'),
 (8,'65321293028416','2015-08-18','2015-08-08',1,1,'250.00','302.50','52.50','0013','','00000054',1,'0013-00000054','2004974618101001365321293028416201508184','FACTURA','A','21.00'),
 (9,'65321293029975','2015-08-18','2015-08-08',1,19,'200.00','242.00','42.00','0013','','00000003',1,'0013-00000003','2004974618106001365321293029975201508180','FACTURA','B','210.00'),
 (10,'65321293608789','2015-08-20','2015-08-10',1,1,'300.00','363.00','63.00','0013','','00000004',1,'0013-00000004','2004974618106001365321293608789201508207','FACTURA','B','0.00'),
 (11,'65321293610323','2015-08-20','2015-08-10',1,3,'300.00','363.00','63.00','0013','','00000055',1,'0013-00000055','2004974618101001365321293610323201508203','FACTURA','A','21.00'),
 (12,'65321293622381','2015-08-20','2015-08-10',0,1,'8000.00','9680.00','1680.00','0013','','00000005',1,'0013-00000005','2004974618106001365321293622381201508203','FACTURA','B','0.00'),
 (13,NULL,NULL,'2015-08-10',1,1,'200.00','242.00','42.00',NULL,'',NULL,0,NULL,NULL,'FACTURA','B','210.00'),
 (14,'65321293658441','2015-08-20','2015-08-10',1,1,'2750.00','3327.50','577.50','0013','','00000006',1,'0013-00000006','2004974618106001365321293658441201508200','FACTURA','B','0.00'),
 (15,'65321293657440','2015-08-21','2015-08-11',1,4,'2000.00','2420.00','420.00','0013','','00000056',1,'0013-00000056','2004974618101001365321293657440201508215','FACTURA','A','210.00');
/*!40000 ALTER TABLE `comprobantes` ENABLE KEYS */;


--
-- Definition of table `comprobantes_asociados`
--

DROP TABLE IF EXISTS `comprobantes_asociados`;
CREATE TABLE `comprobantes_asociados` (
  `ID_COMPROBANTE` int(10) unsigned NOT NULL,
  `ID_COMPROBANTE_ASOC` int(10) unsigned NOT NULL,
  PRIMARY KEY (`ID_COMPROBANTE`,`ID_COMPROBANTE_ASOC`) USING BTREE,
  KEY `FK_notas_creditos_facturas_2` (`ID_COMPROBANTE_ASOC`) USING BTREE,
  CONSTRAINT `FK_notas_creditos_facturas_1` FOREIGN KEY (`ID_COMPROBANTE`) REFERENCES `comprobantes` (`ID`),
  CONSTRAINT `FK_notas_creditos_facturas_2` FOREIGN KEY (`ID_COMPROBANTE_ASOC`) REFERENCES `comprobantes` (`ID`)
) ENGINE=InnoDB DEFAULT CHARSET=latin1;

--
-- Dumping data for table `comprobantes_asociados`
--

/*!40000 ALTER TABLE `comprobantes_asociados` DISABLE KEYS */;
/*!40000 ALTER TABLE `comprobantes_asociados` ENABLE KEYS */;


--
-- Definition of table `detalles_comprobantes`
--

DROP TABLE IF EXISTS `detalles_comprobantes`;
CREATE TABLE `detalles_comprobantes` (
  `ID` int(10) unsigned NOT NULL AUTO_INCREMENT,
  `ID_PRODUCTO` int(10) unsigned DEFAULT NULL,
  `PRECIO` decimal(12,2) NOT NULL,
  `CANTIDAD` int(10) unsigned NOT NULL,
  `ID_COMPROBANTE` int(10) unsigned NOT NULL,
  `DETALLE` varchar(100) DEFAULT NULL,
  `COMENTARIO` varchar(100) DEFAULT NULL,
  `ID_TIPO_IVA` int(10) unsigned NOT NULL,
  PRIMARY KEY (`ID`),
  KEY `FK_detalles_comp_1` (`ID_PRODUCTO`),
  KEY `FK_detalles_comp_2` (`ID_COMPROBANTE`),
  CONSTRAINT `FK_detalles_comp_1` FOREIGN KEY (`ID_PRODUCTO`) REFERENCES `productos` (`ID`),
  CONSTRAINT `FK_detalles_comp_2` FOREIGN KEY (`ID_COMPROBANTE`) REFERENCES `comprobantes` (`ID`)
) ENGINE=InnoDB AUTO_INCREMENT=24 DEFAULT CHARSET=latin1;

--
-- Dumping data for table `detalles_comprobantes`
--

/*!40000 ALTER TABLE `detalles_comprobantes` DISABLE KEYS */;
INSERT INTO `detalles_comprobantes` (`ID`,`ID_PRODUCTO`,`PRECIO`,`CANTIDAD`,`ID_COMPROBANTE`,`DETALLE`,`COMENTARIO`,`ID_TIPO_IVA`) VALUES 
 (4,2,'300.00',1,2,NULL,NULL,1),
 (5,3,'250.00',1,2,NULL,NULL,1),
 (8,1,'200.00',1,4,NULL,NULL,1),
 (9,2,'300.00',1,5,NULL,NULL,1),
 (10,1,'200.00',1,6,NULL,NULL,1),
 (11,2,'300.00',1,7,NULL,NULL,1),
 (12,1,'200.00',1,7,NULL,NULL,1),
 (13,3,'250.00',1,8,NULL,NULL,1),
 (14,1,'200.00',1,9,NULL,NULL,1),
 (15,2,'300.00',1,10,NULL,NULL,1),
 (16,2,'300.00',1,11,NULL,NULL,1),
 (17,5,'2000.00',4,12,NULL,NULL,1),
 (18,1,'200.00',1,13,NULL,NULL,1),
 (19,2,'300.00',1,14,NULL,NULL,1),
 (20,5,'2000.00',1,14,NULL,NULL,1),
 (21,3,'250.00',1,14,NULL,NULL,1),
 (22,1,'200.00',1,14,NULL,NULL,1),
 (23,5,'2000.00',1,15,NULL,NULL,1);
/*!40000 ALTER TABLE `detalles_comprobantes` ENABLE KEYS */;


--
-- Definition of table `detalles_notas_debitos`
--

DROP TABLE IF EXISTS `detalles_notas_debitos`;
CREATE TABLE `detalles_notas_debitos` (
  `ID` int(10) unsigned NOT NULL AUTO_INCREMENT,
  `ID_PRODUCTO` int(10) unsigned DEFAULT NULL,
  `PRECIO` decimal(12,2) NOT NULL,
  `CANTIDAD` int(10) unsigned NOT NULL,
  `ID_NOTA_DEBITO` int(10) unsigned NOT NULL,
  `DETALLE` varchar(100) DEFAULT NULL,
  `COMENTARIO` varchar(100) DEFAULT NULL,
  `ID_TIPO_IVA` int(10) unsigned NOT NULL,
  PRIMARY KEY (`ID`),
  KEY `FK_detalles_notas_debitos_1` (`ID_NOTA_DEBITO`),
  KEY `FK_detalles_notas_debitos_2` (`ID_PRODUCTO`),
  CONSTRAINT `FK_detalles_notas_debitos_1` FOREIGN KEY (`ID_NOTA_DEBITO`) REFERENCES `notas_debitos` (`ID`),
  CONSTRAINT `FK_detalles_notas_debitos_2` FOREIGN KEY (`ID_PRODUCTO`) REFERENCES `productos` (`ID`)
) ENGINE=InnoDB AUTO_INCREMENT=2 DEFAULT CHARSET=latin1;

--
-- Dumping data for table `detalles_notas_debitos`
--

/*!40000 ALTER TABLE `detalles_notas_debitos` DISABLE KEYS */;
INSERT INTO `detalles_notas_debitos` (`ID`,`ID_PRODUCTO`,`PRECIO`,`CANTIDAD`,`ID_NOTA_DEBITO`,`DETALLE`,`COMENTARIO`,`ID_TIPO_IVA`) VALUES 
 (1,NULL,'2000000000.00',1,1,'DESSSSSSSSSFFFFFFFFFFFFFFFFFFFFFFFFFFFFFFFFFFFFFFF',NULL,1);
/*!40000 ALTER TABLE `detalles_notas_debitos` ENABLE KEYS */;


--
-- Definition of table `detalles_remitos`
--

DROP TABLE IF EXISTS `detalles_remitos`;
CREATE TABLE `detalles_remitos` (
  `ID` int(10) unsigned NOT NULL AUTO_INCREMENT,
  `ID_PRODUCTO` int(10) unsigned NOT NULL,
  `CANTIDAD` int(10) unsigned NOT NULL,
  `DETALLE` varchar(50) DEFAULT NULL,
  `ID_REMITO` int(10) unsigned NOT NULL,
  PRIMARY KEY (`ID`),
  KEY `FK_detalles_remitos_1` (`ID_REMITO`),
  KEY `FK_detalles_remitos_2` (`ID_PRODUCTO`),
  CONSTRAINT `FK_detalles_remitos_1` FOREIGN KEY (`ID_REMITO`) REFERENCES `remitos` (`ID`),
  CONSTRAINT `FK_detalles_remitos_2` FOREIGN KEY (`ID_PRODUCTO`) REFERENCES `productos` (`ID`)
) ENGINE=InnoDB AUTO_INCREMENT=3 DEFAULT CHARSET=latin1;

--
-- Dumping data for table `detalles_remitos`
--

/*!40000 ALTER TABLE `detalles_remitos` DISABLE KEYS */;
/*!40000 ALTER TABLE `detalles_remitos` ENABLE KEYS */;


--
-- Definition of table `facturas`
--

DROP TABLE IF EXISTS `facturas`;
CREATE TABLE `facturas` (
  `ID` int(10) unsigned NOT NULL AUTO_INCREMENT,
  `CAE` varchar(45) DEFAULT NULL,
  `FECHA_CAE` date DEFAULT NULL,
  `FECHA_VENTA` date NOT NULL,
  `ACTIVO` tinyint(1) NOT NULL DEFAULT '1',
  `ID_CLIENTE` int(10) unsigned NOT NULL,
  `SUBTOTAL` decimal(12,2) NOT NULL,
  `TOTAL` decimal(12,2) NOT NULL,
  `IVA` decimal(12,2) NOT NULL,
  `PTO_VENTA` varchar(4) DEFAULT NULL,
  `OBSERVACIONES` varchar(100) DEFAULT NULL,
  `NUMERO_COMPROBANTE` varchar(10) DEFAULT NULL,
  `ESTADO_FACTURACION` int(10) unsigned NOT NULL DEFAULT '0',
  `NUMERO_COMP_FORMATO` varchar(45) DEFAULT NULL,
  `COD_BARRAS` varchar(100) DEFAULT NULL,
  PRIMARY KEY (`ID`),
  KEY `FK_facturas_1` (`ID_CLIENTE`),
  CONSTRAINT `FK_facturas_1` FOREIGN KEY (`ID_CLIENTE`) REFERENCES `clientes` (`ID`)
) ENGINE=InnoDB AUTO_INCREMENT=5 DEFAULT CHARSET=latin1;

--
-- Dumping data for table `facturas`
--

/*!40000 ALTER TABLE `facturas` DISABLE KEYS */;
INSERT INTO `facturas` (`ID`,`CAE`,`FECHA_CAE`,`FECHA_VENTA`,`ACTIVO`,`ID_CLIENTE`,`SUBTOTAL`,`TOTAL`,`IVA`,`PTO_VENTA`,`OBSERVACIONES`,`NUMERO_COMPROBANTE`,`ESTADO_FACTURACION`,`NUMERO_COMP_FORMATO`,`COD_BARRAS`) VALUES 
 (1,'65311291616507','2015-08-13','2015-08-03',1,1,'2200.00','2641.00','441.00','0013','','00000049',1,'0013-00000049','2004974618101001365311291616507201508132'),
 (3,NULL,NULL,'2015-08-04',1,4,'2000000000.00','2420000000.00','420000000.00',NULL,'DDDDDDFFFFFFFFFFFFFFFFFFFFFFFFFFFFFFFFFFFFFFFFFFFFFFFFFFFFFFFFFFFFFFFFFFFFFFFFFFFFFFFFFFFFFFFFFFFFFF',NULL,0,NULL,NULL),
 (4,'65311292454054','2015-08-15','2015-08-05',1,1,'200.00','242.00','42.00','0013','','00000050',1,'0013-00000050','2004974618101001365311292454054201508154');
/*!40000 ALTER TABLE `facturas` ENABLE KEYS */;


--
-- Definition of table `localidades`
--

DROP TABLE IF EXISTS `localidades`;
CREATE TABLE `localidades` (
  `ID` int(10) unsigned NOT NULL AUTO_INCREMENT,
  `NOMBRE` varchar(50) NOT NULL,
  PRIMARY KEY (`ID`)
) ENGINE=InnoDB AUTO_INCREMENT=134 DEFAULT CHARSET=latin1;

--
-- Dumping data for table `localidades`
--

/*!40000 ALTER TABLE `localidades` DISABLE KEYS */;
INSERT INTO `localidades` (`ID`,`NOMBRE`) VALUES 
 (1,'25 DE MAYO'),
 (2,'9 DE JULIO'),
 (3,'ADOLFO ALSINA'),
 (4,'ADOLFO GONZALES CHAVES'),
 (5,'ALBERTI'),
 (6,'ALMIRANTE BROWN'),
 (7,'AVELLANEDA'),
 (8,'AYACUCHO'),
 (9,'AZUL'),
 (10,'BAHIA BLANCA'),
 (11,'BALCARCE'),
 (12,'BARADERO'),
 (13,'BARTOLOME MITRE'),
 (14,'BENITO JUAREZ'),
 (15,'BERAZATEGUI'),
 (16,'BERISSO'),
 (17,'BOLIVAR'),
 (18,'BRAGADO'),
 (19,'CAMPANA'),
 (20,'CAPITAN SARMIENTO'),
 (21,'CARLOS CASARES'),
 (22,'CARLOS TEJEDOR'),
 (23,'CARMEN DE ARECO'),
 (24,'CASTELLI'),
 (25,'CHACABUCO'),
 (26,'CHASCOMUS'),
 (27,'CHIVILCOY'),
 (28,'COLON'),
 (29,'CORONEL BRANDSEN'),
 (30,'CORONEL DORREGO'),
 (31,'CORONEL PRINGLES'),
 (32,'CORONEL ROSALES'),
 (33,'CORONEL SUAREZ'),
 (34,'DAIREAUX'),
 (35,'DE LA COSTA'),
 (36,'DOLORES'),
 (37,'ENSENADA'),
 (38,'ESCOBAR'),
 (39,'ESTEBAN ECHEVERRIA'),
 (40,'EXALTACION DE LA CRUZ'),
 (41,'EZEIZA'),
 (42,'FLORENCIO VARELA'),
 (43,'FLORENTINO AMEGHINO'),
 (44,'GENERAL ALVARADO'),
 (45,'GENERAL ALVEAR'),
 (46,'GENERAL ARENALES'),
 (47,'GENERAL BELGRANO'),
 (48,'GENERAL GUIDO'),
 (49,'GENERAL LAMADRID'),
 (50,'GENERAL LAS HERAS'),
 (51,'GENERAL LAVALLE'),
 (52,'GENERAL MADARIAGA'),
 (53,'GENERAL PAZ'),
 (54,'GENERAL PINTO'),
 (55,'GENERAL PUEYRREDON'),
 (56,'GENERAL RODRIGUEZ'),
 (57,'GENERAL SAN MARTIN'),
 (58,'GENERAL VIAMONTE'),
 (59,'GENERAL VILLEGAS'),
 (60,'GUAMINI'),
 (61,'HIPOLITO YRIGOYEN'),
 (62,'HURLINGHAM'),
 (63,'ITUZAINGO'),
 (64,'JOSE CLEMENTE PAZ'),
 (65,'JUNIN'),
 (66,'LA MATANZA'),
 (67,'LA PLATA'),
 (68,'LANUS'),
 (69,'LAPRIDA'),
 (70,'LAS FLORES'),
 (71,'LEANDRO N ALEM'),
 (72,'LINCOLN'),
 (73,'LOBERIA'),
 (74,'LOBOS'),
 (75,'LOMAS DE ZAMORA'),
 (76,'LUJAN'),
 (77,'MAGDALENA'),
 (78,'MAIPU'),
 (79,'MALVINAS ARGENTINAS'),
 (80,'MAR CHIQUITA'),
 (81,'MARCOS PAZ'),
 (82,'MERCEDES'),
 (83,'MERLO'),
 (84,'MONTE HERMOSO'),
 (85,'MONTE'),
 (86,'MORENO'),
 (87,'MORON'),
 (88,'NAVARRO'),
 (89,'NECOCHEA'),
 (90,'OLAVARRIA'),
 (91,'PATAGONES'),
 (92,'PEHUAJO'),
 (93,'PELLEGRINI'),
 (94,'PERGAMINO'),
 (95,'PILA'),
 (96,'PILAR'),
 (97,'PINAMAR'),
 (98,'PRESIDENTE PERON'),
 (99,'PUAN'),
 (100,'PUNTA INDIO'),
 (101,'QUILMES'),
 (102,'RAMALLO'),
 (103,'RAUCH'),
 (104,'RIVADAVIA'),
 (105,'ROJAS'),
 (106,'ROQUE PEREZ'),
 (107,'SAAVEDRA'),
 (108,'SALADILLO'),
 (109,'SALLIQUELO'),
 (110,'SALTO'),
 (111,'SAN ANDRES DE GILES'),
 (112,'SAN ANTONIO DE ARECO'),
 (113,'SAN CAYETANO'),
 (114,'SAN FERNANDO'),
 (115,'SAN ISIDRO'),
 (116,'SAN MIGUEL'),
 (117,'SAN NICOLAS'),
 (118,'SAN PEDRO'),
 (119,'SAN VICENTE'),
 (120,'SUIPACHA'),
 (121,'TANDIL'),
 (122,'TAPALQUE'),
 (123,'TIGRE'),
 (124,'TORDILLO'),
 (125,'TORNQUIST'),
 (126,'TRENQUE LAUQUEN'),
 (127,'TRES ARROYOS'),
 (128,'TRES DE FEBRERO'),
 (129,'TRES LOMAS'),
 (130,'VICENTE LOPEZ'),
 (131,'VILLA GESELL'),
 (132,'VILLARINO'),
 (133,'ZARATE');
/*!40000 ALTER TABLE `localidades` ENABLE KEYS */;


--
-- Definition of table `notas_creditos`
--

DROP TABLE IF EXISTS `notas_creditos`;
CREATE TABLE `notas_creditos` (
  `ID` int(10) unsigned NOT NULL AUTO_INCREMENT,
  `CAE` varchar(45) DEFAULT NULL,
  `FECHA_CAE` date DEFAULT NULL,
  `FECHA_VENTA` date NOT NULL,
  `ACTIVO` tinyint(1) NOT NULL DEFAULT '1',
  `ID_CLIENTE` int(10) unsigned NOT NULL,
  `OBSERVACIONES` varchar(100) DEFAULT NULL,
  `SUBTOTAL` decimal(12,2) NOT NULL,
  `TOTAL` decimal(12,2) NOT NULL,
  `IVA` decimal(12,2) NOT NULL,
  `PTO_VENTA` varchar(4) DEFAULT NULL,
  `NUMERO_COMPROBANTE` varchar(10) DEFAULT NULL,
  `ESTADO_FACTURACION` int(10) unsigned NOT NULL DEFAULT '0',
  `NUMERO_COMP_FORMATO` varchar(45) DEFAULT NULL,
  `COD_BARRAS` varchar(100) DEFAULT NULL,
  PRIMARY KEY (`ID`),
  KEY `FK_notas_creditos_1` (`ID_CLIENTE`),
  CONSTRAINT `FK_notas_creditos_1` FOREIGN KEY (`ID_CLIENTE`) REFERENCES `clientes` (`ID`)
) ENGINE=InnoDB AUTO_INCREMENT=2 DEFAULT CHARSET=latin1;

--
-- Dumping data for table `notas_creditos`
--

/*!40000 ALTER TABLE `notas_creditos` DISABLE KEYS */;
INSERT INTO `notas_creditos` (`ID`,`CAE`,`FECHA_CAE`,`FECHA_VENTA`,`ACTIVO`,`ID_CLIENTE`,`OBSERVACIONES`,`SUBTOTAL`,`TOTAL`,`IVA`,`PTO_VENTA`,`NUMERO_COMPROBANTE`,`ESTADO_FACTURACION`,`NUMERO_COMP_FORMATO`,`COD_BARRAS`) VALUES 
 (1,NULL,NULL,'2015-08-04',1,4,'','2000000000.00','2420000000.00','420000000.00',NULL,NULL,0,NULL,NULL);
/*!40000 ALTER TABLE `notas_creditos` ENABLE KEYS */;


--
-- Definition of table `notas_debitos`
--

DROP TABLE IF EXISTS `notas_debitos`;
CREATE TABLE `notas_debitos` (
  `ID` int(10) unsigned NOT NULL AUTO_INCREMENT,
  `CAE` varchar(45) DEFAULT NULL,
  `FECHA_CAE` date DEFAULT NULL,
  `FECHA_VENTA` date NOT NULL,
  `ACTIVO` tinyint(1) NOT NULL DEFAULT '1',
  `ID_CLIENTE` int(10) unsigned NOT NULL,
  `OBSERVACIONES` varchar(100) DEFAULT NULL,
  `SUBTOTAL` decimal(12,2) NOT NULL,
  `TOTAL` decimal(12,2) NOT NULL,
  `IVA` decimal(12,2) NOT NULL,
  `PTO_VENTA` varchar(4) DEFAULT NULL,
  `NUMERO_COMPROBANTE` varchar(10) DEFAULT NULL,
  `ESTADO_FACTURACION` int(10) unsigned NOT NULL,
  `NUMERO_COMP_FORMATO` varchar(45) DEFAULT NULL,
  `COD_BARRAS` varchar(100) DEFAULT NULL,
  PRIMARY KEY (`ID`),
  KEY `FK_notas_debitos_1` (`ID_CLIENTE`),
  CONSTRAINT `FK_notas_debitos_1` FOREIGN KEY (`ID_CLIENTE`) REFERENCES `clientes` (`ID`)
) ENGINE=InnoDB AUTO_INCREMENT=2 DEFAULT CHARSET=latin1;

--
-- Dumping data for table `notas_debitos`
--

/*!40000 ALTER TABLE `notas_debitos` DISABLE KEYS */;
INSERT INTO `notas_debitos` (`ID`,`CAE`,`FECHA_CAE`,`FECHA_VENTA`,`ACTIVO`,`ID_CLIENTE`,`OBSERVACIONES`,`SUBTOTAL`,`TOTAL`,`IVA`,`PTO_VENTA`,`NUMERO_COMPROBANTE`,`ESTADO_FACTURACION`,`NUMERO_COMP_FORMATO`,`COD_BARRAS`) VALUES 
 (1,NULL,NULL,'2015-08-04',1,4,'SSSSSSSSDDDDDDDDDDDDDDDDDDDDDDDDDDDDDDDDDDDDDDDDDDDDDDDDDDDDDDDDDDDDDDDDDDDDDDDDDDDDDDDDDDDDDDDDDDDD','2000000000.00','2420000000.00','420000000.00',NULL,NULL,0,NULL,NULL);
/*!40000 ALTER TABLE `notas_debitos` ENABLE KEYS */;


--
-- Definition of table `notas_debitos_facturas`
--

DROP TABLE IF EXISTS `notas_debitos_facturas`;
CREATE TABLE `notas_debitos_facturas` (
  `ID_NOTA_DEBITO` int(10) unsigned NOT NULL,
  `ID_FACTURA` int(10) unsigned NOT NULL,
  PRIMARY KEY (`ID_NOTA_DEBITO`,`ID_FACTURA`),
  KEY `FK_notas_debitos_facturas_2` (`ID_FACTURA`),
  CONSTRAINT `FK_notas_debitos_facturas_1` FOREIGN KEY (`ID_NOTA_DEBITO`) REFERENCES `notas_debitos` (`ID`),
  CONSTRAINT `FK_notas_debitos_facturas_2` FOREIGN KEY (`ID_FACTURA`) REFERENCES `facturas` (`ID`)
) ENGINE=InnoDB DEFAULT CHARSET=latin1;

--
-- Dumping data for table `notas_debitos_facturas`
--

/*!40000 ALTER TABLE `notas_debitos_facturas` DISABLE KEYS */;
/*!40000 ALTER TABLE `notas_debitos_facturas` ENABLE KEYS */;


--
-- Definition of table `pagos_recibos_cheques`
--

DROP TABLE IF EXISTS `pagos_recibos_cheques`;
CREATE TABLE `pagos_recibos_cheques` (
  `ID` int(10) unsigned NOT NULL AUTO_INCREMENT,
  `ID_RECIBO` int(10) unsigned NOT NULL,
  `ID_CHEQUE` int(10) unsigned NOT NULL,
  PRIMARY KEY (`ID`),
  KEY `FK_pagos_recibos_cheques_1` (`ID_RECIBO`),
  KEY `FK_pagos_recibos_cheques_2` (`ID_CHEQUE`),
  CONSTRAINT `FK_pagos_recibos_cheques_1` FOREIGN KEY (`ID_RECIBO`) REFERENCES `recibos` (`ID`),
  CONSTRAINT `FK_pagos_recibos_cheques_2` FOREIGN KEY (`ID_CHEQUE`) REFERENCES `cheques` (`ID`)
) ENGINE=InnoDB AUTO_INCREMENT=3 DEFAULT CHARSET=latin1;

--
-- Dumping data for table `pagos_recibos_cheques`
--

/*!40000 ALTER TABLE `pagos_recibos_cheques` DISABLE KEYS */;
/*!40000 ALTER TABLE `pagos_recibos_cheques` ENABLE KEYS */;


--
-- Definition of table `pagos_recibos_efectivo`
--

DROP TABLE IF EXISTS `pagos_recibos_efectivo`;
CREATE TABLE `pagos_recibos_efectivo` (
  `ID` int(10) unsigned NOT NULL AUTO_INCREMENT,
  `ID_RECIBO` int(10) unsigned NOT NULL,
  `TOTAL` decimal(12,2) NOT NULL,
  PRIMARY KEY (`ID`),
  KEY `FK_pagos_recibos_efectivo_1` (`ID_RECIBO`),
  CONSTRAINT `FK_pagos_recibos_efectivo_1` FOREIGN KEY (`ID_RECIBO`) REFERENCES `recibos` (`ID`)
) ENGINE=InnoDB AUTO_INCREMENT=3 DEFAULT CHARSET=latin1;

--
-- Dumping data for table `pagos_recibos_efectivo`
--

/*!40000 ALTER TABLE `pagos_recibos_efectivo` DISABLE KEYS */;
INSERT INTO `pagos_recibos_efectivo` (`ID`,`ID_RECIBO`,`TOTAL`) VALUES 
 (2,4,'691.50');
/*!40000 ALTER TABLE `pagos_recibos_efectivo` ENABLE KEYS */;


--
-- Definition of table `parametros`
--

DROP TABLE IF EXISTS `parametros`;
CREATE TABLE `parametros` (
  `ID` int(10) unsigned NOT NULL AUTO_INCREMENT,
  `NRO_RECIBO` varchar(45) NOT NULL,
  `NRO_REMITO` varchar(45) NOT NULL,
  `PREF_REMITO` varchar(45) NOT NULL,
  `PREF_RECIBO` varchar(45) NOT NULL,
  `NRO_FACTURA_A` varchar(45) NOT NULL,
  `NRO_NOTA_CREDITO_A` varchar(45) NOT NULL,
  `NRO_NOTA_DEBITO_A` varchar(45) NOT NULL,
  `NRO_FACTURA_B` varchar(45) NOT NULL,
  `NRO_NOTA_CREDITO_B` varchar(45) NOT NULL,
  `NRO_NOTA_DEBITO_B` varchar(45) NOT NULL,
  PRIMARY KEY (`ID`)
) ENGINE=InnoDB AUTO_INCREMENT=2 DEFAULT CHARSET=latin1;

--
-- Dumping data for table `parametros`
--

/*!40000 ALTER TABLE `parametros` DISABLE KEYS */;
INSERT INTO `parametros` (`ID`,`NRO_RECIBO`,`NRO_REMITO`,`PREF_REMITO`,`PREF_RECIBO`,`NRO_FACTURA_A`,`NRO_NOTA_CREDITO_A`,`NRO_NOTA_DEBITO_A`,`NRO_FACTURA_B`,`NRO_NOTA_CREDITO_B`,`NRO_NOTA_DEBITO_B`) VALUES 
 (1,'7','20','0001','0001','57','8','5','7','1','1');
/*!40000 ALTER TABLE `parametros` ENABLE KEYS */;


--
-- Definition of table `permisos`
--

DROP TABLE IF EXISTS `permisos`;
CREATE TABLE `permisos` (
  `ID` int(10) unsigned NOT NULL AUTO_INCREMENT,
  `CODIGO` varchar(20) NOT NULL,
  `DESCRIPCION` varchar(100) NOT NULL,
  PRIMARY KEY (`ID`)
) ENGINE=InnoDB DEFAULT CHARSET=latin1;

--
-- Dumping data for table `permisos`
--

/*!40000 ALTER TABLE `permisos` DISABLE KEYS */;
/*!40000 ALTER TABLE `permisos` ENABLE KEYS */;


--
-- Definition of table `permisos_usuarios`
--

DROP TABLE IF EXISTS `permisos_usuarios`;
CREATE TABLE `permisos_usuarios` (
  `ID_USUARIO` int(10) unsigned NOT NULL,
  `ID_PERMISO` int(10) unsigned NOT NULL,
  PRIMARY KEY (`ID_USUARIO`,`ID_PERMISO`)
) ENGINE=InnoDB DEFAULT CHARSET=latin1;

--
-- Dumping data for table `permisos_usuarios`
--

/*!40000 ALTER TABLE `permisos_usuarios` DISABLE KEYS */;
/*!40000 ALTER TABLE `permisos_usuarios` ENABLE KEYS */;


--
-- Definition of table `productos`
--

DROP TABLE IF EXISTS `productos`;
CREATE TABLE `productos` (
  `ID` int(10) unsigned NOT NULL AUTO_INCREMENT,
  `DESCRIPCION` varchar(50) NOT NULL,
  `CODIGO` varchar(20) NOT NULL,
  `COSTO` decimal(12,2) NOT NULL,
  `PRECIO` decimal(12,2) NOT NULL,
  `ACTIVO` tinyint(1) NOT NULL DEFAULT '1',
  `UBICACION` varchar(45) DEFAULT NULL,
  `ID_TIPO` int(10) unsigned NOT NULL,
  `ID_TIPO_IVA` int(10) unsigned NOT NULL,
  PRIMARY KEY (`ID`),
  KEY `FK_productos_1` (`ID_TIPO`),
  CONSTRAINT `FK_productos_1` FOREIGN KEY (`ID_TIPO`) REFERENCES `tipos_productos` (`ID`)
) ENGINE=InnoDB AUTO_INCREMENT=6 DEFAULT CHARSET=latin1;

--
-- Dumping data for table `productos`
--

/*!40000 ALTER TABLE `productos` DISABLE KEYS */;
INSERT INTO `productos` (`ID`,`DESCRIPCION`,`CODIGO`,`COSTO`,`PRECIO`,`ACTIVO`,`UBICACION`,`ID_TIPO`,`ID_TIPO_IVA`) VALUES 
 (1,'SARAZA','123456','100.00','200.00',0,'ASD-123',1,1),
 (2,'ASDASD','123','200.00','300.00',0,'333-SDS',2,1),
 (3,'A','2','100.00','250.00',0,'',1,1),
 (4,'SDFFFFFFFFFFFFFFFFFFFFFFFFFFFFFFFFFFFFFFFFSDFSDFSD','CCCCCCCCCCCCCCCCCCCC','200000000.00','200000000.00',0,'SDAAAAAAAAAAAAAAAAAAAAAAAAAAAAAAAADDDDDDDDDDD',3,1),
 (5,'ASIENTO DE LUJO XXI','ASD-232','1000.00','2000.00',0,'',4,1);
/*!40000 ALTER TABLE `productos` ENABLE KEYS */;


--
-- Definition of table `proveedores`
--

DROP TABLE IF EXISTS `proveedores`;
CREATE TABLE `proveedores` (
  `ID` int(10) unsigned NOT NULL AUTO_INCREMENT,
  `RAZON_SOCIAL` varchar(50) NOT NULL,
  `CUIT` varchar(45) NOT NULL,
  `DIRECCION` varchar(100) DEFAULT NULL,
  `TELEFONO` varchar(45) DEFAULT NULL,
  `ID_LOCALIDAD` int(10) unsigned NOT NULL,
  `MAIL` varchar(100) NOT NULL,
  `ACTIVO` tinyint(1) NOT NULL DEFAULT '1',
  PRIMARY KEY (`ID`),
  KEY `FK_proveedores_1` (`ID_LOCALIDAD`),
  CONSTRAINT `FK_proveedores_1` FOREIGN KEY (`ID_LOCALIDAD`) REFERENCES `localidades` (`ID`)
) ENGINE=InnoDB AUTO_INCREMENT=2 DEFAULT CHARSET=latin1;

--
-- Dumping data for table `proveedores`
--

/*!40000 ALTER TABLE `proveedores` DISABLE KEYS */;
INSERT INTO `proveedores` (`ID`,`RAZON_SOCIAL`,`CUIT`,`DIRECCION`,`TELEFONO`,`ID_LOCALIDAD`,`MAIL`,`ACTIVO`) VALUES 
 (1,'VBBBBBBBBBBBBBBBBBBBBBBBBBBBBBFFFFFFFFFFFFFFFFFFFF','30-69368208-4','ASSSSSSSSSSSSSSSSSSSSSSSSSSSSSSSDDDDDDDDDDDDDDDDDDDDDDDDDDDDDDDDDDDDDDDDDDDDDDDDDDEEEEEEEEEEEEEEEEEE','ASSSSSSSSSSSS3333333',1,'dfffffffffffffffffffffffffffffffffffffffff44444444',1);
/*!40000 ALTER TABLE `proveedores` ENABLE KEYS */;


--
-- Definition of table `recibos`
--

DROP TABLE IF EXISTS `recibos`;
CREATE TABLE `recibos` (
  `ID` int(10) unsigned NOT NULL AUTO_INCREMENT,
  `FECHA` date NOT NULL,
  `ID_CLIENTE` int(10) unsigned NOT NULL,
  `NUMERO` varchar(45) NOT NULL,
  `TOTAL` decimal(12,2) NOT NULL,
  `OBSERVACIONES` varchar(100) DEFAULT NULL,
  PRIMARY KEY (`ID`),
  KEY `FK_recibos_1` (`ID_CLIENTE`),
  CONSTRAINT `FK_recibos_1` FOREIGN KEY (`ID_CLIENTE`) REFERENCES `clientes` (`ID`)
) ENGINE=InnoDB AUTO_INCREMENT=5 DEFAULT CHARSET=latin1;

--
-- Dumping data for table `recibos`
--

/*!40000 ALTER TABLE `recibos` DISABLE KEYS */;
INSERT INTO `recibos` (`ID`,`FECHA`,`ID_CLIENTE`,`NUMERO`,`TOTAL`,`OBSERVACIONES`) VALUES 
 (4,'2015-08-10',1,'0001-00000006','691.50','');
/*!40000 ALTER TABLE `recibos` ENABLE KEYS */;


--
-- Definition of table `recibos_comprobantes`
--

DROP TABLE IF EXISTS `recibos_comprobantes`;
CREATE TABLE `recibos_comprobantes` (
  `ID_RECIBO` int(10) unsigned NOT NULL,
  `ID_COMPROBANTE` int(10) unsigned NOT NULL,
  PRIMARY KEY (`ID_RECIBO`,`ID_COMPROBANTE`) USING BTREE,
  KEY `FK_recibos_comprobantes_2` (`ID_COMPROBANTE`),
  CONSTRAINT `FK_recibos_comprobantes_1` FOREIGN KEY (`ID_RECIBO`) REFERENCES `recibos` (`ID`),
  CONSTRAINT `FK_recibos_comprobantes_2` FOREIGN KEY (`ID_COMPROBANTE`) REFERENCES `comprobantes` (`ID`)
) ENGINE=InnoDB DEFAULT CHARSET=latin1;

--
-- Dumping data for table `recibos_comprobantes`
--

/*!40000 ALTER TABLE `recibos_comprobantes` DISABLE KEYS */;
INSERT INTO `recibos_comprobantes` (`ID_RECIBO`,`ID_COMPROBANTE`) VALUES 
 (4,6),
 (4,8);
/*!40000 ALTER TABLE `recibos_comprobantes` ENABLE KEYS */;


--
-- Definition of table `recibos_notas_debito`
--

DROP TABLE IF EXISTS `recibos_notas_debito`;
CREATE TABLE `recibos_notas_debito` (
  `ID_RECIBO` int(10) unsigned NOT NULL,
  `ID_NOTA_DEBITO` int(10) unsigned NOT NULL,
  PRIMARY KEY (`ID_RECIBO`,`ID_NOTA_DEBITO`),
  KEY `FK_recibos_notas_debito_2` (`ID_NOTA_DEBITO`),
  CONSTRAINT `FK_recibos_notas_debito_1` FOREIGN KEY (`ID_RECIBO`) REFERENCES `recibos` (`ID`),
  CONSTRAINT `FK_recibos_notas_debito_2` FOREIGN KEY (`ID_NOTA_DEBITO`) REFERENCES `notas_debitos` (`ID`)
) ENGINE=InnoDB DEFAULT CHARSET=latin1;

--
-- Dumping data for table `recibos_notas_debito`
--

/*!40000 ALTER TABLE `recibos_notas_debito` DISABLE KEYS */;
/*!40000 ALTER TABLE `recibos_notas_debito` ENABLE KEYS */;


--
-- Definition of table `remitos`
--

DROP TABLE IF EXISTS `remitos`;
CREATE TABLE `remitos` (
  `ID` int(10) unsigned NOT NULL AUTO_INCREMENT,
  `ID_CLIENTE` int(10) unsigned NOT NULL,
  `FECHA` date NOT NULL,
  `NUMERO` varchar(45) NOT NULL,
  `ID_COMPROBANTE` int(10) unsigned DEFAULT NULL,
  `OBSERVACIONES` varchar(200) DEFAULT NULL,
  `ACTIVO` tinyint(1) NOT NULL DEFAULT '1',
  PRIMARY KEY (`ID`),
  KEY `FK_remitos_1` (`ID_CLIENTE`),
  KEY `FK_remitos_2` (`ID_COMPROBANTE`) USING BTREE,
  CONSTRAINT `FK_remitos_1` FOREIGN KEY (`ID_CLIENTE`) REFERENCES `clientes` (`ID`),
  CONSTRAINT `FK_remitos_2` FOREIGN KEY (`ID_COMPROBANTE`) REFERENCES `facturas` (`ID`)
) ENGINE=InnoDB AUTO_INCREMENT=2 DEFAULT CHARSET=latin1;

--
-- Dumping data for table `remitos`
--

/*!40000 ALTER TABLE `remitos` DISABLE KEYS */;
/*!40000 ALTER TABLE `remitos` ENABLE KEYS */;


--
-- Definition of table `stocks_productos`
--

DROP TABLE IF EXISTS `stocks_productos`;
CREATE TABLE `stocks_productos` (
  `ID` int(10) unsigned NOT NULL AUTO_INCREMENT,
  `ID_PRODUCTO` int(10) unsigned NOT NULL,
  `ID_PROVEEDOR` int(10) unsigned NOT NULL,
  `CANTIDAD` int(10) unsigned NOT NULL,
  `FACTURA` varchar(50) DEFAULT NULL,
  `FECHA` date NOT NULL,
  PRIMARY KEY (`ID`),
  KEY `FK_stocks_producto_1` (`ID_PRODUCTO`),
  KEY `FK_stocks_producto_2` (`ID_PROVEEDOR`),
  CONSTRAINT `FK_stocks_producto_1` FOREIGN KEY (`ID_PRODUCTO`) REFERENCES `productos` (`ID`),
  CONSTRAINT `FK_stocks_producto_2` FOREIGN KEY (`ID_PROVEEDOR`) REFERENCES `proveedores` (`ID`)
) ENGINE=InnoDB DEFAULT CHARSET=latin1;

--
-- Dumping data for table `stocks_productos`
--

/*!40000 ALTER TABLE `stocks_productos` DISABLE KEYS */;
/*!40000 ALTER TABLE `stocks_productos` ENABLE KEYS */;


--
-- Definition of table `tipos_productos`
--

DROP TABLE IF EXISTS `tipos_productos`;
CREATE TABLE `tipos_productos` (
  `ID` int(10) unsigned NOT NULL AUTO_INCREMENT,
  `NOMBRE` varchar(50) NOT NULL,
  PRIMARY KEY (`ID`)
) ENGINE=InnoDB AUTO_INCREMENT=5 DEFAULT CHARSET=latin1;

--
-- Dumping data for table `tipos_productos`
--

/*!40000 ALTER TABLE `tipos_productos` DISABLE KEYS */;
INSERT INTO `tipos_productos` (`ID`,`NOMBRE`) VALUES 
 (1,'BUJIAS'),
 (2,'RODAMIENTOS'),
 (3,'DDDDDDDDDDDDDDDDDDDDDDDDDDKKKKKKKKKKKKKKKKKKKKKKKK'),
 (4,'ASIENTOS');
/*!40000 ALTER TABLE `tipos_productos` ENABLE KEYS */;


--
-- Definition of table `tributos_comprobantes`
--

DROP TABLE IF EXISTS `tributos_comprobantes`;
CREATE TABLE `tributos_comprobantes` (
  `ID` int(10) unsigned NOT NULL AUTO_INCREMENT,
  `DETALLE` varchar(100) NOT NULL,
  `ALICUOTA` decimal(10,2) NOT NULL,
  `IMPORTE` decimal(10,2) NOT NULL,
  `BASE_IMPONIBLE` decimal(10,2) NOT NULL,
  `ID_COMPROBANTE` int(10) unsigned NOT NULL,
  `TIPO_TRIBUTO` varchar(50) NOT NULL,
  PRIMARY KEY (`ID`),
  KEY `FK_tributos_comprobantes_1` (`ID_COMPROBANTE`),
  KEY `FK_tributos_comprobantes_2` (`TIPO_TRIBUTO`) USING BTREE,
  CONSTRAINT `FK_tributos_comprobantes_1` FOREIGN KEY (`ID_COMPROBANTE`) REFERENCES `comprobantes` (`ID`)
) ENGINE=InnoDB AUTO_INCREMENT=9 DEFAULT CHARSET=latin1;

--
-- Dumping data for table `tributos_comprobantes`
--

/*!40000 ALTER TABLE `tributos_comprobantes` DISABLE KEYS */;
INSERT INTO `tributos_comprobantes` (`ID`,`DETALLE`,`ALICUOTA`,`IMPORTE`,`BASE_IMPONIBLE`,`ID_COMPROBANTE`,`TIPO_TRIBUTO`) VALUES 
 (1,'ÑÑLÑ','21.00','105.00','500.00',6,'OTROS'),
 (2,'GANANCIAS 123','21.00','42.00','200.00',6,'PER_RET_IMP_GANANCIAS'),
 (3,'JIJ','21.00','21.00','100.00',7,'PER_RET_IMP_GANANCIAS'),
 (4,'IIIIJ','21.00','21.00','100.00',8,'PER_RET_IMP_GANANCIAS'),
 (5,'SADASKJ','21.00','210.00','1000.00',9,'OTROS'),
 (6,'RETENCION GANANCIAS','21.00','21.00','100.00',11,'PER_RET_IMP_GANANCIAS'),
 (7,'DESCRIPCION','21.00','210.00','1000.00',13,'PER_RET_IMP_GANANCIAS'),
 (8,'IMPUESTO INTERNO SARAZA','21.00','210.00','1000.00',15,'OTROS');
/*!40000 ALTER TABLE `tributos_comprobantes` ENABLE KEYS */;


--
-- Definition of table `usuarios`
--

DROP TABLE IF EXISTS `usuarios`;
CREATE TABLE `usuarios` (
  `ID` int(10) unsigned NOT NULL AUTO_INCREMENT,
  `DNI` varchar(20) NOT NULL,
  `PASSWORD` varchar(20) NOT NULL,
  `ACTIVO` tinyint(1) NOT NULL DEFAULT '1',
  `NOMBRE` varchar(50) NOT NULL,
  PRIMARY KEY (`ID`)
) ENGINE=InnoDB AUTO_INCREMENT=2 DEFAULT CHARSET=latin1;

--
-- Dumping data for table `usuarios`
--

/*!40000 ALTER TABLE `usuarios` DISABLE KEYS */;
INSERT INTO `usuarios` (`ID`,`DNI`,`PASSWORD`,`ACTIVO`,`NOMBRE`) VALUES 
 (1,'1','uboEp3KLIIc=',1,'JUAN MANUEL VAZQUEZ');
/*!40000 ALTER TABLE `usuarios` ENABLE KEYS */;




/*!40101 SET SQL_MODE=@OLD_SQL_MODE */;
/*!40014 SET FOREIGN_KEY_CHECKS=@OLD_FOREIGN_KEY_CHECKS */;
/*!40014 SET UNIQUE_CHECKS=@OLD_UNIQUE_CHECKS */;
/*!40101 SET CHARACTER_SET_CLIENT=@OLD_CHARACTER_SET_CLIENT */;
/*!40101 SET CHARACTER_SET_RESULTS=@OLD_CHARACTER_SET_RESULTS */;
/*!40101 SET COLLATION_CONNECTION=@OLD_COLLATION_CONNECTION */;
/*!40101 SET CHARACTER_SET_CLIENT=@OLD_CHARACTER_SET_CLIENT */;
